{
    "blade-1": {
        "Global sigma": [
            416025593.1192911,
            -105009572.89800936,
            -289421.6697626373
        ],
        "Local sigma": [
            416025593.1192911,
            -105009572.89800936,
            -289421.6697626373
        ],
        "Deformation": [
            0.005484755421989242,
            -0.0017243034254863256,
            -4.452641073271343e-05
        ]
    },
    "blade-2": {
        "Global sigma": [
            198727337.91519174,
            105009572.89800934,
            289421.6697626382
        ],
        "Local sigma": [
            152157877.0763632,
            151579033.73683792,
            -46858882.508591205
        ],
        "Deformation": [
            0.005484755421989242,
            -0.0017243034254863256,
            -4.452641073271343e-05
        ]
    },
    "blade-3": {
        "Global sigma": [
            416025593.1192911,
            -105009572.89800936,
            -289421.6697626373
        ],
        "Local sigma": [
            416025593.1192911,
            -105009572.89800936,
            -289421.6697626373
        ],
        "Deformation": [
            0.005484755421989242,
            -0.0017243034254863256,
            -4.452641073271343e-05
        ]
    },
    "blade-4": {
        "Global sigma": [
            198727337.91519174,
            105009572.89800934,
            289421.6697626382
        ],
        "Local sigma": [
            152157877.0763632,
            151579033.73683792,
            -46858882.508591205
        ],
        "Deformation": [
            0.005484755421989242,
            -0.0017243034254863256,
            -4.452641073271343e-05
        ]
    },
    "blade-5": {
        "Global sigma": [
            416025593.1192911,
            -105009572.89800936,
            -289421.6697626373
        ],
        "Local sigma": [
            416025593.1192911,
            -105009572.89800936,
            -289421.6697626373
        ],
        "Deformation": [
            0.005484755421989242,
            -0.0017243034254863256,
            -4.452641073271343e-05
        ]
    },
    "blade-6": {
        "Global sigma": [
            198727337.91519174,
            105009572.89800934,
            289421.6697626382
        ],
        "Local sigma": [
            152157877.0763632,
            151579033.73683792,
            -46858882.508591205
        ],
        "Deformation": [
            0.005484755421989242,
            -0.0017243034254863256,
            -4.452641073271343e-05
        ]
    },
    "blade-7": {
        "Global sigma": [
            198727337.91519174,
            105009572.89800934,
            289421.6697626382
        ],
        "Local sigma": [
            152157877.0763632,
            151579033.73683792,
            -46858882.508591205
        ],
        "Deformation": [
            0.005484755421989242,
            -0.0017243034254863256,
            -4.452641073271343e-05
        ]
    },
    "blade-8": {
        "Global sigma": [
            416025593.1192911,
            -105009572.89800936,
            -289421.6697626373
        ],
        "Local sigma": [
            416025593.1192911,
            -105009572.89800936,
            -289421.6697626373
        ],
        "Deformation": [
            0.005484755421989242,
            -0.0017243034254863256,
            -4.452641073271343e-05
        ]
    },
    "blade-9": {
        "Global sigma": [
            198727337.91519174,
            105009572.89800934,
            289421.6697626382
        ],
        "Local sigma": [
            152157877.0763632,
            151579033.73683792,
            -46858882.508591205
        ],
        "Deformation": [
            0.005484755421989242,
            -0.0017243034254863256,
            -4.452641073271343e-05
        ]
    },
    "blade-10": {
        "Global sigma": [
            416025593.1192911,
            -105009572.89800936,
            -289421.6697626373
        ],
        "Local sigma": [
            416025593.1192911,
            -105009572.89800936,
            -289421.6697626373
        ],
        "Deformation": [
            0.005484755421989242,
            -0.0017243034254863256,
            -4.452641073271343e-05
        ]
    },
    "blade-11": {
        "Global sigma": [
            198727337.91519174,
            105009572.89800934,
            289421.6697626382
        ],
        "Local sigma": [
            152157877.0763632,
            151579033.73683792,
            -46858882.508591205
        ],
        "Deformation": [
            0.005484755421989242,
            -0.0017243034254863256,
            -4.452641073271343e-05
        ]
    },
    "blade-12": {
        "Global sigma": [
            416025593.1192911,
            -105009572.89800936,
            -289421.6697626373
        ],
        "Local sigma": [
            416025593.1192911,
            -105009572.89800936,
            -289421.6697626373
        ],
        "Deformation": [
            0.005484755421989242,
            -0.0017243034254863256,
            -4.452641073271343e-05
        ]
    }
}