{
    "blade-1": {
        "Global sigma": [
            26821.581982779968,
            21873.748378861495,
            5502.399566211954
        ],
        "Local sigma": [
            29850.06474703269,
            18845.26561460878,
            -2473.9168019592375
        ],
        "Deformation": [
            6.874201920537528e-06,
            3.3400350605957677e-06,
            -7.860570808874227e-06
        ]
    },
    "blade-2": {
        "Global sigma": [
            139845.08468388673,
            11459.584954471833,
            -5502.399566211959
        ],
        "Local sigma": [
            139845.08468388673,
            11459.584954471833,
            -5502.399566211959
        ],
        "Deformation": [
            6.874201920537528e-06,
            3.3400350605957677e-06,
            -7.860570808874227e-06
        ]
    },
    "blade-3": {
        "Global sigma": [
            139845.08468388673,
            11459.584954471833,
            -5502.399566211959
        ],
        "Local sigma": [
            139845.08468388673,
            11459.584954471833,
            -5502.399566211959
        ],
        "Deformation": [
            6.874201920537528e-06,
            3.3400350605957677e-06,
            -7.860570808874227e-06
        ]
    },
    "blade-4": {
        "Global sigma": [
            26821.581982779968,
            21873.748378861495,
            5502.399566211954
        ],
        "Local sigma": [
            29850.06474703269,
            18845.26561460878,
            -2473.9168019592375
        ],
        "Deformation": [
            6.874201920537528e-06,
            3.3400350605957677e-06,
            -7.860570808874227e-06
        ]
    }
}