{
    "blade-1": {
        "Global sigma": [
            26821581.982779987,
            21873748.37886151,
            5502399.566211963
        ],
        "Local sigma": [
            29850064.747032717,
            18845265.614608787,
            -2473916.80195924
        ],
        "Deformation": [
            0.006874201920537528,
            0.0033400350605957674,
            -0.007860570808874224
        ]
    },
    "blade-2": {
        "Global sigma": [
            139845084.6838867,
            11459584.954471834,
            -5502399.566211957
        ],
        "Local sigma": [
            139845084.6838867,
            11459584.954471834,
            -5502399.566211957
        ],
        "Deformation": [
            0.006874201920537528,
            0.0033400350605957674,
            -0.007860570808874224
        ]
    },
    "blade-3": {
        "Global sigma": [
            139845084.6838867,
            11459584.954471834,
            -5502399.566211957
        ],
        "Local sigma": [
            139845084.6838867,
            11459584.954471834,
            -5502399.566211957
        ],
        "Deformation": [
            0.006874201920537528,
            0.0033400350605957674,
            -0.007860570808874224
        ]
    },
    "blade-4": {
        "Global sigma": [
            26821581.982779987,
            21873748.37886151,
            5502399.566211963
        ],
        "Local sigma": [
            29850064.747032717,
            18845265.614608787,
            -2473916.80195924
        ],
        "Deformation": [
            0.006874201920537528,
            0.0033400350605957674,
            -0.007860570808874224
        ]
    }
}