{
    "properties": {
        "A": [
            [
                4694933047117.535,
                128281572452.93784,
                3606993.328124661
            ],
            [
                128281572452.93784,
                366512197411.23096,
                3606993.328124661
            ],
            [
                3606993.328124661,
                3606993.328124661,
                132004886040.2494
            ]
        ],
        "B": [
            [
                -72594680.60485971,
                -59454636.80488672,
                -54105080.271551244
            ],
            [
                -59454636.80488672,
                -72594680.60485972,
                -54105080.271551244
            ],
            [
                -54105080.271551244,
                -54105080.271551244,
                -60030803.84315033
            ]
        ],
        "D": [
            [
                352125409123248.56,
                9621849164931.994,
                811578909.3296372
            ],
            [
                9621849164931.994,
                27489516873429.63,
                811578909.3296372
            ],
            [
                811578909.3296372,
                811578909.3296372,
                9901099369025.207
            ]
        ],
        "Global deformation": [
            1.1080745838723987e-07,
            9.33389249995785e-06,
            -2.580396348130544e-10
        ]
    },
    "blade 1": {
        "Global sigma": [
            57251.68311728722,
            114504.36300825336,
            -1.1353516859247876
        ],
        "Local sigma": [
            57251.68311728722,
            114504.36300825336,
            -1.1353516859247876
        ],
        "Local deformation": [
            1.1080745838723987e-07,
            9.33389249995785e-06,
            -2.580396348130544e-10
        ]
    },
    "blade 2": {
        "Global sigma": [
            377963.2037659367,
            459126.3521525565,
            340659.36564743536
        ],
        "Local sigma": [
            759204.1436066822,
            77885.41231181128,
            40581.57419330989
        ],
        "Local deformation": [
            4.722091939537733e-06,
            4.722608018807358e-06,
            4.611542520785306e-06
        ]
    },
    "nucleo": {
        "Global sigma": [
            57259.18838416607,
            114513.48406446957,
            5.676801402393665
        ],
        "Local sigma": [
            57259.18838416607,
            114513.48406446957,
            5.676801402393665
        ],
        "Local deformation": [
            1.1080745838723987e-07,
            9.33389249995785e-06,
            -2.580396348130544e-10
        ]
    },
    "blade 3": {
        "Global sigma": [
            2648.948287389533,
            3017.8716891468953,
            -0.005160689481476309
        ],
        "Local sigma": [
            2833.4048275787336,
            2833.415148957696,
            184.46170087868103
        ],
        "Local deformation": [
            4.722091939537733e-06,
            4.722608018807358e-06,
            4.611542520785306e-06
        ]
    },
    "blade 4": {
        "Global sigma": [
            57251.68311728722,
            114504.36300825336,
            -1.1353516859247876
        ],
        "Local sigma": [
            57251.68311728722,
            114504.36300825336,
            -1.1353516859247876
        ],
        "Local deformation": [
            1.1080745838723987e-07,
            9.33389249995785e-06,
            -2.580396348130544e-10
        ]
    }
}