{
    "properties": {
        "A": [
            [
                216042894.5653591,
                66828993.87462533,
                873061.3840740339
            ],
            [
                66828993.87462533,
                212550649.02906296,
                873061.3840740274
            ],
            [
                873061.3840740339,
                873061.3840740274,
                73733888.96129286
            ]
        ],
        "B": [
            [
                -7.275957614183426e-12,
                2.2737367544323206e-12,
                2.842170943040401e-14
            ],
            [
                2.2737367544323206e-12,
                -1.4551915228366852e-11,
                0.0
            ],
            [
                2.842170943040401e-14,
                0.0,
                -9.094947017729282e-13
            ]
        ],
        "D": [
            [
                231.3670701546982,
                54.54778643333768,
                0.6608201616056362
            ],
            [
                54.54778643333768,
                226.96160241066067,
                0.660820161605631
            ],
            [
                0.6608201616056362,
                0.660820161605631,
                61.516206554802544
            ]
        ],
        "A_line": [
            [
                5.127520552354639e-09,
                -1.611995535339658e-09,
                -4.1626302102595406e-11
            ],
            [
                -1.611995535339658e-09,
                5.211770738336925e-09,
                -4.262388387969058e-11
            ],
            [
                -4.16263021025954e-11,
                -4.2623883879690584e-11,
                1.3563282361370875e-08
            ]
        ],
        "B_line": [
            [
                2.2640943343492233e-22,
                -2.0912917597576486e-22,
                -3.1700742601411615e-24
            ],
            [
                -1.9557347408603635e-22,
                3.973181146111677e-22,
                -2.0525884295454716e-24
            ],
            [
                -2.5924614128360697e-24,
                -2.2768574038557847e-24,
                2.0059972765118445e-22
            ]
        ],
        "C_line": [
            [
                2.2640943343492233e-22,
                -2.0912917597576486e-22,
                -3.1700742601411615e-24
            ],
            [
                -1.9557347408603635e-22,
                3.973181146111677e-22,
                -2.0525884295454716e-24
            ],
            [
                -2.5924614128360697e-24,
                -2.2768574038557847e-24,
                2.0059972765118445e-22
            ]
        ],
        "D_line": [
            [
                0.004581838546715115,
                -0.0011010868761693845,
                -3.739097402551965e-05
            ],
            [
                -0.0011010868761693847,
                0.004670777702331338,
                -3.8346377332695175e-05
            ],
            [
                -3.739097402551965e-05,
                -3.834637733269518e-05,
                0.016256692419384735
            ]
        ],
        "A_star": [
            [
                5.127520552354639e-09,
                -1.611995535339658e-09,
                -4.1626302102595406e-11
            ],
            [
                -1.611995535339658e-09,
                5.211770738336925e-09,
                -4.262388387969058e-11
            ],
            [
                -4.16263021025954e-11,
                -4.2623883879690584e-11,
                1.3563282361370875e-08
            ]
        ],
        "B_star": [
            [
                4.097405879213235e-20,
                -3.5116254317764403e-20,
                -1.8359180045415803e-22
            ],
            [
                -2.3577794429173387e-20,
                7.950649947064443e-20,
                7.04947215096921e-24
            ],
            [
                -5.914473885371777e-22,
                -5.256118918792352e-22,
                1.2336916536980043e-20
            ]
        ],
        "C_star": [
            [
                -4.097405879213235e-20,
                2.3577794429173387e-20,
                5.914473885371778e-22
            ],
            [
                3.5116254317764403e-20,
                -7.950649947064443e-20,
                5.256118918792351e-22
            ],
            [
                1.8359180045415803e-22,
                -7.049472150969204e-24,
                -1.2336916536980043e-20
            ]
        ],
        "D_star": [
            [
                231.3670701546982,
                54.54778643333768,
                0.6608201616056362
            ],
            [
                54.54778643333768,
                226.96160241066067,
                0.660820161605631
            ],
            [
                0.6608201616056362,
                0.660820161605631,
                61.516206554802544
            ]
        ],
        "Global deformation": [
            0.005484755421989242,
            -0.0017243034254863256,
            -4.452641073271343e-05
        ]
    },
    "blade-1": {
        "Global sigma": [
            416025593.1192911,
            -105009572.89800936,
            -289421.6697626373
        ],
        "Local sigma": [
            416025593.1192911,
            -105009572.89800936,
            -289421.6697626373
        ],
        "Local deformation": [
            0.005484755421989242,
            -0.0017243034254863256,
            -4.452641073271343e-05
        ]
    },
    "blade-2": {
        "Global sigma": [
            198727337.91519174,
            105009572.89800934,
            289421.6697626382
        ],
        "Local sigma": [
            152157877.0763632,
            151579033.73683792,
            -46858882.508591205
        ],
        "Local deformation": [
            0.0018356995875187451,
            0.0019247524089841721,
            -0.003604529423737785
        ]
    },
    "blade-3": {
        "Global sigma": [
            416025593.1192911,
            -105009572.89800936,
            -289421.6697626373
        ],
        "Local sigma": [
            416025593.1192911,
            -105009572.89800936,
            -289421.6697626373
        ],
        "Local deformation": [
            0.005484755421989242,
            -0.0017243034254863256,
            -4.452641073271343e-05
        ]
    },
    "blade-4": {
        "Global sigma": [
            198727337.91519174,
            105009572.89800934,
            289421.6697626382
        ],
        "Local sigma": [
            152157877.0763632,
            151579033.73683792,
            -46858882.508591205
        ],
        "Local deformation": [
            0.0018356995875187451,
            0.0019247524089841721,
            -0.003604529423737785
        ]
    },
    "blade-5": {
        "Global sigma": [
            416025593.1192911,
            -105009572.89800936,
            -289421.6697626373
        ],
        "Local sigma": [
            416025593.1192911,
            -105009572.89800936,
            -289421.6697626373
        ],
        "Local deformation": [
            0.005484755421989242,
            -0.0017243034254863256,
            -4.452641073271343e-05
        ]
    },
    "blade-6": {
        "Global sigma": [
            198727337.91519174,
            105009572.89800934,
            289421.6697626382
        ],
        "Local sigma": [
            152157877.0763632,
            151579033.73683792,
            -46858882.508591205
        ],
        "Local deformation": [
            0.0018356995875187451,
            0.0019247524089841721,
            -0.003604529423737785
        ]
    },
    "blade-7": {
        "Global sigma": [
            198727337.91519174,
            105009572.89800934,
            289421.6697626382
        ],